Feature,Importance
value_gap,26.421310341020657
cost_burden_x_replacement,13.207512120050671
frequency_x_rebuy,11.171529067699668
necessity_x_recency,7.8487324565569585
use_frequency,6.415412756817613
replacement_available,5.439929656560482
remaining_months,4.106370778403244
perceived_necessity,3.6624758196972125
subscription_type,3.3938331590103954
rebuy_satisfaction_gap,3.2815264756451645
would_rebuy,3.002227650094488
last_use_recency,2.4022695231890037
