threshold_0,Accuracy,ROC-AUC,Precision(0),Recall(0),F1(0),Precision(1),Recall(1),F1(1),experiment
0.4,0.69725,0.769681945643359,0.5495735607675906,0.7380100214745884,0.6300030553009471,0.827683615819209,0.6753745678063773,0.7438121430082505,1_SMOTE_tuned_threshold0.40
0.39,0.69175,0.7696279085499882,0.5419651995905834,0.7580529706513959,0.6320501342882722,0.8347996089931574,0.6561659623511333,0.7347816734781674,2_SMOTE_tuned_val_threshold
0.46,0.6935,0.7741692243765865,0.5438686505900462,0.7587687902648532,0.6335923490735206,0.8356899073622623,0.6584709950057626,0.7365706918779544,3_native_auto_weight
0.44,0.68725,0.7745634339101598,0.536318407960199,0.7716535433070866,0.6328147930730849,0.8396984924623115,0.6419515943142527,0.7276290006531678,4_native_manual_weight_regularized
0.39,0.68325,0.7749935306736817,0.5319253438113949,0.7752326413743736,0.6309350422371104,0.840122199592668,0.6338839800230504,0.722574994525947,5_native_precision_recovery
0.45,0.68375,0.7743090608243173,0.532901296111665,0.7652111667859699,0.6282691742580077,0.835506519558676,0.6400307337687284,0.7248205351316076,6_feature_selection
0.35,0.69625,0.7747861822339787,0.5466188524590164,0.7637795275590551,0.6372051358614512,0.8388671875,0.6600076834421821,0.7387658568049882,7_extra_search_best
